{
  "id": "ca1f30bc-9761-4463-83ca-87131d56b1bf",
  "revision": 0,
  "last_node_id": 10,
  "last_link_id": 10,
  "nodes": [
    {
      "id": 5,
      "type": "ConditioningZeroOut",
      "pos": [
        983.0855712890625,
        173.44886779785156
      ],
      "size": [
        211.60000610351562,
        26
      ],
      "flags": {
        "collapsed": true
      },
      "order": 6,
      "mode": 0,
      "inputs": [
        {
          "name": "conditioning",
          "type": "CONDITIONING",
          "link": 5
        }
      ],
      "outputs": [
        {
          "name": "CONDITIONING",
          "type": "CONDITIONING",
          "links": [
            6
          ]
        }
      ],
      "properties": {
        "cnr_id": "comfy-core",
        "ver": "0.3.33",
        "Node name for S&R": "ConditioningZeroOut",
        "widget_ue_connectable": {}
      },
      "widgets_values": []
    },
    {
      "id": 7,
      "type": "VAEDecodeAudio",
      "pos": [
        1471.39208984375,
        38.836212158203125
      ],
      "size": [
        150.93612670898438,
        46
      ],
      "flags": {},
      "order": 8,
      "mode": 0,
      "inputs": [
        {
          "name": "samples",
          "type": "LATENT",
          "link": 8
        },
        {
          "name": "vae",
          "type": "VAE",
          "link": 9
        }
      ],
      "outputs": [
        {
          "name": "AUDIO",
          "type": "AUDIO",
          "links": [
            10
          ]
        }
      ],
      "properties": {
        "cnr_id": "comfy-core",
        "ver": "0.3.33",
        "Node name for S&R": "VAEDecodeAudio",
        "widget_ue_connectable": {}
      },
      "widgets_values": []
    },
    {
      "id": 2,
      "type": "KSampler",
      "pos": [
        1175.1396484375,
        38.43212890625
      ],
      "size": [
        270,
        262
      ],
      "flags": {},
      "order": 7,
      "mode": 0,
      "inputs": [
        {
          "name": "model",
          "type": "MODEL",
          "link": 2
        },
        {
          "name": "positive",
          "type": "CONDITIONING",
          "link": 4
        },
        {
          "name": "negative",
          "type": "CONDITIONING",
          "link": 6
        },
        {
          "name": "latent_image",
          "type": "LATENT",
          "link": 7
        }
      ],
      "outputs": [
        {
          "name": "LATENT",
          "type": "LATENT",
          "links": [
            8
          ]
        }
      ],
      "properties": {
        "cnr_id": "comfy-core",
        "ver": "0.3.33",
        "Node name for S&R": "KSampler",
        "widget_ue_connectable": {}
      },
      "widgets_values": [
        15663700553656,
        "randomize",
        50,
        4,
        "res_multistep",
        "simple",
        1
      ]
    },
    {
      "id": 6,
      "type": "EmptyAceStepLatentAudio",
      "pos": [
        688.16943359375,
        658.9710083007812
      ],
      "size": [
        270,
        82
      ],
      "flags": {},
      "order": 0,
      "mode": 0,
      "inputs": [],
      "outputs": [
        {
          "name": "LATENT",
          "type": "LATENT",
          "links": [
            7
          ]
        }
      ],
      "properties": {
        "cnr_id": "comfy-core",
        "ver": "0.3.33",
        "Node name for S&R": "EmptyAceStepLatentAudio",
        "widget_ue_connectable": {}
      },
      "widgets_values": [
        135,
        1
      ],
      "color": "#323",
      "bgcolor": "#535"
    },
    {
      "id": 3,
      "type": "ModelSamplingSD3",
      "pos": [
        688.16943359375,
        -0.7725496888160706
      ],
      "size": [
        270,
        58
      ],
      "flags": {},
      "order": 4,
      "mode": 0,
      "inputs": [
        {
          "name": "model",
          "type": "MODEL",
          "link": 1
        }
      ],
      "outputs": [
        {
          "name": "MODEL",
          "type": "MODEL",
          "links": [
            2
          ]
        }
      ],
      "properties": {
        "cnr_id": "comfy-core",
        "ver": "0.3.33",
        "Node name for S&R": "ModelSamplingSD3",
        "widget_ue_connectable": {}
      },
      "widgets_values": [
        4.000000000000001
      ],
      "color": "#223",
      "bgcolor": "#335"
    },
    {
      "id": 1,
      "type": "CheckpointLoaderSimple",
      "pos": [
        104.32984924316406,
        21.02058982849121
      ],
      "size": [
        395.5130615234375,
        98
      ],
      "flags": {},
      "order": 1,
      "mode": 0,
      "inputs": [],
      "outputs": [
        {
          "name": "MODEL",
          "type": "MODEL",
          "links": [
            1
          ]
        },
        {
          "name": "CLIP",
          "type": "CLIP",
          "links": [
            3
          ]
        },
        {
          "name": "VAE",
          "type": "VAE",
          "links": [
            9
          ]
        }
      ],
      "properties": {
        "cnr_id": "comfy-core",
        "ver": "0.3.33",
        "Node name for S&R": "CheckpointLoaderSimple",
        "widget_ue_connectable": {}
      },
      "widgets_values": [
        "ace_step_v1_3.5b.safetensors"
      ],
      "color": "#223",
      "bgcolor": "#335"
    },
    {
      "id": 9,
      "type": "Note",
      "pos": [
        104.32984924316406,
        502.0945739746094
      ],
      "size": [
        412.8684387207031,
        646.791259765625
      ],
      "flags": {},
      "order": 2,
      "mode": 0,
      "inputs": [],
      "outputs": [],
      "title": "Template for Asking ChatGPT",
      "properties": {
        "widget_ue_connectable": {}
      },
      "widgets_values": [
        "🎵 Kalponic Studio Song Template for ACE-Step\n\nCompose a song for the ACE-Step music AI using this structure:\n\n— Tags —\n(List descriptive keywords for genre, emotion, instruments, vocal type, and tempo.)\n\n— Song Structure —\n[intro]\n- Line 1\n- Line 2\n\n[verse 1]\n- Short line (max 10 syllables)\n- Line 2\n- Line 3\n- Line 4\n\n[chorus]\n- Line 1\n- Line 2\n- Line 3\n- Line 4\n\n[verse 2]\n- Line 1\n- Line 2\n- Line 3\n- Line 4\n\n[bridge]\n- Line 1\n- Line 2\n\n[chorus]\n- Line 1\n- Line 2\n- Line 3\n- Line 4\n\n[outro]\n- Line 1\n\n**Tips:**\n- Use clear section labels ([intro], [verse 1], etc.)\n- Keep lyrics concise and focused on a single emotion or story.\n- Add mood/genre in tags for better results (e.g., chill, happy, piano, soft vocal).\n\nCreated by Kalponic Studio\n"
      ],
      "color": "#322",
      "bgcolor": "#533"
    },
    {
      "id": 10,
      "type": "MarkdownNote",
      "pos": [
        104.32984924316406,
        175.38059997558594
      ],
      "size": [
        395.5130615234375,
        270.3539733886719
      ],
      "flags": {
        "collapsed": false
      },
      "order": 3,
      "mode": 0,
      "inputs": [],
      "outputs": [],
      "title": "KS-Start Here",
      "properties": {
        "widget_ue_connectable": {}
      },
      "widgets_values": [
        "MODELS USED IN THIS WORKFLOW\n(Curated by Kalponic Studio)\n\n🟦 Load Checkpoint  \nDownload ace_step_v1_3.5b model from [HERE](https://huggingface.co/Comfy-Org/ACE-Step_ComfyUI_repackaged/resolve/main/all_in_one/ace_step_v1_3.5b.safetensors?download=true)  \nPlace in: `ComfyUI/models/checkpoints`\n\n────────────────────────────\n\n🟩 Resources\n\n🎥 Tutorials: [Kalponic Studio YouTube Channel](https://www.youtube.com/@Kalponic_Studio)  \n💬 Community Discord: [Join Here](https://discord.com/invite/x2mwbwJ)\n\nRead more on [Comfy Blog](https://docs.comfy.org/tutorials/audio/ace-step/ace-step-v1), or on [GitHub](https://github.com/ace-step/ACE-Step), or [HuggingFace](https://huggingface.co/ACE-Step/ACE-Step-v1-3.5B)\n\nRead about Multilanguage Support [HERE](https://docs.comfy.org/tutorials/audio/ace-step/ace-step-v1#multilingual-support)\n\n"
      ],
      "color": "#322",
      "bgcolor": "#533"
    },
    {
      "id": 4,
      "type": "TextEncodeAceStepAudio",
      "pos": [
        546.04833984375,
        114.18944549560547
      ],
      "size": [
        412.1211242675781,
        496.29632568359375
      ],
      "flags": {},
      "order": 5,
      "mode": 0,
      "inputs": [
        {
          "name": "clip",
          "type": "CLIP",
          "link": 3
        }
      ],
      "outputs": [
        {
          "name": "CONDITIONING",
          "type": "CONDITIONING",
          "links": [
            4,
            5
          ]
        }
      ],
      "properties": {
        "cnr_id": "comfy-core",
        "ver": "0.3.33",
        "Node name for S&R": "TextEncodeAceStepAudio",
        "widget_ue_connectable": {}
      },
      "widgets_values": [
        "emotional, indie folk, slow tempo, acoustic guitar, piano, male vocal, Arabian-Indian fusion, inspirational, solo journey, hopeful, bittersweet, struggle, cinematic",
        "[intro]\nIn a room lit by screen-glow light\nDreams unfold deep into the night\n\n[verse 1]\nNo team to call\nJust a spark and lines of code\nFighting doubt with every load\nQuiet wins that no one knows\n\n[chorus]\nBuilding worlds from scratch and soul\nPixel skies and dreams as goal\nLonely roads but heart stays true\nThis small game might reach a few\n\n[verse 2]\nBugs and crashes\nCoffee stains and sleepless fights\nStill the stars in mind burn bright\nOne more try, then maybe flight\n\n[bridge]\nThough no one sees the pain we show\nWe craft the worlds where others go\n\n[chorus]\nBuilding worlds from scratch and soul\nPixel skies and dreams as goal\nLonely roads but heart stays true\nThis small game might reach a few\n\n[outro]\nOne dev, one dream, one fading light",
        1
      ],
      "color": "#232",
      "bgcolor": "#353"
    },
    {
      "id": 8,
      "type": "SaveAudio",
      "pos": [
        1645.46630859375,
        40.317718505859375
      ],
      "size": [
        270,
        112
      ],
      "flags": {},
      "order": 9,
      "mode": 0,
      "inputs": [
        {
          "name": "audio",
          "type": "AUDIO",
          "link": 10
        }
      ],
      "outputs": [],
      "properties": {
        "cnr_id": "comfy-core",
        "ver": "0.3.33",
        "Node name for S&R": "SaveAudio",
        "widget_ue_connectable": {}
      },
      "widgets_values": [
        "audio/ComfyUI"
      ]
    }
  ],
  "links": [
    [
      1,
      1,
      0,
      3,
      0,
      "MODEL"
    ],
    [
      2,
      3,
      0,
      2,
      0,
      "MODEL"
    ],
    [
      3,
      1,
      1,
      4,
      0,
      "CLIP"
    ],
    [
      4,
      4,
      0,
      2,
      1,
      "CONDITIONING"
    ],
    [
      5,
      4,
      0,
      5,
      0,
      "CONDITIONING"
    ],
    [
      6,
      5,
      0,
      2,
      2,
      "CONDITIONING"
    ],
    [
      7,
      6,
      0,
      2,
      3,
      "LATENT"
    ],
    [
      8,
      2,
      0,
      7,
      0,
      "LATENT"
    ],
    [
      9,
      1,
      2,
      7,
      1,
      "VAE"
    ],
    [
      10,
      7,
      0,
      8,
      0,
      "AUDIO"
    ]
  ],
  "groups": [],
  "config": {},
  "extra": {
    "frontendVersion": "1.17.11",
    "VHS_latentpreview": false,
    "VHS_latentpreviewrate": 0,
    "VHS_MetadataImage": true,
    "VHS_KeepIntermediate": true,
    "ds": {
      "scale": 0.7513148009015781,
      "offset": [
        13.32918324638274,
        112.97646627855522
      ]
    },
    "ue_links": [],
    "links_added_by_ue": []
  },
  "version": 0.4
}